ProductID,DocumentNode,ModifiedDate
317,asA=,2024-12-28 13:51:58.103
318,asA=,2024-12-28 13:51:58.103
319,asA=,2024-12-28 13:51:58.103
506,esA=,2024-12-28 13:51:58.103
506,e0A=,2024-12-28 13:51:58.103
514,fCA=,2024-12-28 13:51:58.120
515,fCA=,2024-12-28 13:51:58.120
516,fCA=,2024-12-28 13:51:58.120
517,fCA=,2024-12-28 13:51:58.120
518,fCA=,2024-12-28 13:51:58.120
519,fCA=,2024-12-28 13:51:58.120
520,fCA=,2024-12-28 13:51:58.120
521,fCA=,2024-12-28 13:51:58.120
522,fCA=,2024-12-28 13:51:58.120
928,asA=,2024-12-28 13:51:58.103
929,asA=,2024-12-28 13:51:58.103
930,asA=,2024-12-28 13:51:58.103
931,asA=,2024-12-28 13:51:58.103
932,asA=,2024-12-28 13:51:58.103
933,asA=,2024-12-28 13:51:58.103
934,asA=,2024-12-28 13:51:58.103
935,e8A=,2024-12-28 13:51:58.103
936,e8A=,2024-12-28 13:51:58.103
937,e8A=,2024-12-28 13:51:58.103
938,e8A=,2024-12-28 13:51:58.103
939,e8A=,2024-12-28 13:51:58.103
940,e8A=,2024-12-28 13:51:58.103
941,e8A=,2024-12-28 13:51:58.103
977,WsA=,2024-12-28 13:51:58.103
997,WsA=,2024-12-28 13:51:58.103
998,WsA=,2024-12-28 13:51:58.103
999,WsA=,2024-12-28 13:51:58.120
