ProductID,StartDate,EndDate,ListPrice,ModifiedDate
707,2022-05-30 00:00:00.000,2023-05-29 00:00:00.000,33.6442,2023-05-29 00:00:00.000
707,2023-05-30 00:00:00.000,2024-05-28 00:00:00.000,33.6442,2024-05-28 00:00:00.000
707,2024-05-29 00:00:00.000,,34.99,2024-05-08 00:00:00.000
708,2022-05-30 00:00:00.000,2023-05-29 00:00:00.000,33.6442,2023-05-29 00:00:00.000
708,2023-05-30 00:00:00.000,2024-05-28 00:00:00.000,33.6442,2024-05-28 00:00:00.000
708,2024-05-29 00:00:00.000,,34.99,2024-05-08 00:00:00.000
709,2022-05-30 00:00:00.000,2023-05-29 00:00:00.000,9.5,2023-05-29 00:00:00.000
710,2022-05-30 00:00:00.000,2023-05-29 00:00:00.000,9.5,2023-05-29 00:00:00.000
711,2022-05-30 00:00:00.000,2023-05-29 00:00:00.000,33.6442,2023-05-29 00:00:00.000
711,2023-05-30 00:00:00.000,2024-05-28 00:00:00.000,33.6442,2024-05-28 00:00:00.000
711,2024-05-29 00:00:00.000,,34.99,2024-05-08 00:00:00.000
712,2022-05-30 00:00:00.000,2023-05-29 00:00:00.000,8.6442,2023-05-29 00:00:00.000
712,2023-05-30 00:00:00.000,2024-05-28 00:00:00.000,8.6442,2024-05-28 00:00:00.000
712,2024-05-29 00:00:00.000,,8.99,2024-05-08 00:00:00.000
713,2022-05-30 00:00:00.000,2023-05-29 00:00:00.000,48.0673,2023-05-29 00:00:00.000
713,2023-05-30 00:00:00.000,2024-05-28 00:00:00.000,48.0673,2024-05-28 00:00:00.000
713,2024-05-29 00:00:00.000,,49.99,2024-05-08 00:00:00.000
714,2022-05-30 00:00:00.000,2023-05-29 00:00:00.000,48.0673,2023-05-29 00:00:00.000
714,2023-05-30 00:00:00.000,2024-05-28 00:00:00.000,48.0673,2024-05-28 00:00:00.000
714,2024-05-29 00:00:00.000,,49.99,2024-05-08 00:00:00.000
715,2022-05-30 00:00:00.000,2023-05-29 00:00:00.000,48.0673,2023-05-29 00:00:00.000
715,2023-05-30 00:00:00.000,2024-05-28 00:00:00.000,48.0673,2024-05-28 00:00:00.000
715,2024-05-29 00:00:00.000,,49.99,2024-05-08 00:00:00.000
716,2022-05-30 00:00:00.000,2023-05-29 00:00:00.000,48.0673,2023-05-29 00:00:00.000
716,2023-05-30 00:00:00.000,2024-05-28 00:00:00.000,48.0673,2024-05-28 00:00:00.000
716,2024-05-29 00:00:00.000,,49.99,2024-05-08 00:00:00.000
717,2022-05-30 00:00:00.000,2023-05-29 00:00:00.000,1263.4598,2023-05-29 00:00:00.000
717,2023-05-30 00:00:00.000,2024-05-28 00:00:00.000,1301.3636,2024-05-28 00:00:00.000
717,2024-05-29 00:00:00.000,,1431.5,2024-05-08 00:00:00.000
718,2022-05-30 00:00:00.000,2023-05-29 00:00:00.000,1263.4598,2023-05-29 00:00:00.000
718,2023-05-30 00:00:00.000,2024-05-28 00:00:00.000,1301.3636,2024-05-28 00:00:00.000
718,2024-05-29 00:00:00.000,,1431.5,2024-05-08 00:00:00.000
719,2022-05-30 00:00:00.000,2023-05-29 00:00:00.000,1263.4598,2023-05-29 00:00:00.000
719,2023-05-30 00:00:00.000,2024-05-28 00:00:00.000,1301.3636,2024-05-28 00:00:00.000
719,2024-05-29 00:00:00.000,,1431.5,2024-05-08 00:00:00.000
720,2022-05-30 00:00:00.000,2023-05-29 00:00:00.000,1263.4598,2023-05-29 00:00:00.000
720,2023-05-30 00:00:00.000,2024-05-28 00:00:00.000,1301.3636,2024-05-28 00:00:00.000
720,2024-05-29 00:00:00.000,,1431.5,2024-05-08 00:00:00.000
721,2022-05-30 00:00:00.000,2023-05-29 00:00:00.000,1263.4598,2023-05-29 00:00:00.000
721,2023-05-30 00:00:00.000,2024-05-28 00:00:00.000,1301.3636,2024-05-28 00:00:00.000
721,2024-05-29 00:00:00.000,,1431.5,2024-05-08 00:00:00.000
722,2022-05-30 00:00:00.000,2023-05-29 00:00:00.000,297.6346,2023-05-29 00:00:00.000
722,2023-05-30 00:00:00.000,2024-05-28 00:00:00.000,306.5636,2024-05-28 00:00:00.000
722,2024-05-29 00:00:00.000,,337.22,2024-05-08 00:00:00.000
723,2022-05-30 00:00:00.000,2023-05-29 00:00:00.000,297.6346,2023-05-29 00:00:00.000
723,2023-05-30 00:00:00.000,2024-05-28 00:00:00.000,306.5636,2024-05-28 00:00:00.000
723,2024-05-29 00:00:00.000,,337.22,2024-05-08 00:00:00.000
724,2022-05-30 00:00:00.000,2023-05-29 00:00:00.000,297.6346,2023-05-29 00:00:00.000
724,2023-05-30 00:00:00.000,2024-05-28 00:00:00.000,306.5636,2024-05-28 00:00:00.000
724,2024-05-29 00:00:00.000,,337.22,2024-05-08 00:00:00.000
725,2022-05-30 00:00:00.000,2023-05-29 00:00:00.000,306.5636,2023-05-29 00:00:00.000
725,2023-05-30 00:00:00.000,2024-05-28 00:00:00.000,337.22,2024-05-28 00:00:00.000
726,2022-05-30 00:00:00.000,2023-05-29 00:00:00.000,306.5636,2023-05-29 00:00:00.000
726,2023-05-30 00:00:00.000,2024-05-28 00:00:00.000,337.22,2024-05-28 00:00:00.000
727,2022-05-30 00:00:00.000,2023-05-29 00:00:00.000,306.5636,2023-05-29 00:00:00.000
727,2023-05-30 00:00:00.000,2024-05-28 00:00:00.000,337.22,2024-05-28 00:00:00.000
728,2022-05-30 00:00:00.000,2023-05-29 00:00:00.000,306.5636,2023-05-29 00:00:00.000
728,2023-05-30 00:00:00.000,2024-05-28 00:00:00.000,337.22,2024-05-28 00:00:00.000
729,2022-05-30 00:00:00.000,2023-05-29 00:00:00.000,306.5636,2023-05-29 00:00:00.000
729,2023-05-30 00:00:00.000,2024-05-28 00:00:00.000,337.22,2024-05-28 00:00:00.000
730,2022-05-30 00:00:00.000,2023-05-29 00:00:00.000,306.5636,2023-05-29 00:00:00.000
730,2023-05-30 00:00:00.000,2024-05-28 00:00:00.000,337.22,2024-05-28 00:00:00.000
731,2022-05-30 00:00:00.000,2023-05-29 00:00:00.000,594.83,2023-05-29 00:00:00.000
732,2022-05-30 00:00:00.000,2023-05-29 00:00:00.000,594.83,2023-05-29 00:00:00.000
733,2022-05-30 00:00:00.000,2023-05-29 00:00:00.000,594.83,2023-05-29 00:00:00.000
734,2022-05-30 00:00:00.000,2023-05-29 00:00:00.000,594.83,2023-05-29 00:00:00.000
735,2022-05-30 00:00:00.000,2023-05-29 00:00:00.000,594.83,2023-05-29 00:00:00.000
736,2022-05-30 00:00:00.000,2023-05-29 00:00:00.000,297.6346,2023-05-29 00:00:00.000
736,2023-05-30 00:00:00.000,2024-05-28 00:00:00.000,306.5636,2024-05-28 00:00:00.000
736,2024-05-29 00:00:00.000,,337.22,2024-05-08 00:00:00.000
737,2022-05-30 00:00:00.000,2023-05-29 00:00:00.000,297.6346,2023-05-29 00:00:00.000
737,2023-05-30 00:00:00.000,2024-05-28 00:00:00.000,306.5636,2024-05-28 00:00:00.000
737,2024-05-29 00:00:00.000,,337.22,2024-05-08 00:00:00.000
738,2022-05-30 00:00:00.000,2023-05-29 00:00:00.000,297.6346,2023-05-29 00:00:00.000
738,2023-05-30 00:00:00.000,2024-05-28 00:00:00.000,306.5636,2024-05-28 00:00:00.000
738,2024-05-29 00:00:00.000,,337.22,2024-05-08 00:00:00.000
739,2022-05-30 00:00:00.000,2023-05-29 00:00:00.000,1204.3248,2023-05-29 00:00:00.000
739,2023-05-30 00:00:00.000,2024-05-28 00:00:00.000,1240.4545,2024-05-28 00:00:00.000
739,2024-05-29 00:00:00.000,,1364.5,2024-05-08 00:00:00.000
740,2022-05-30 00:00:00.000,2023-05-29 00:00:00.000,1364.5,2023-05-29 00:00:00.000
741,2022-05-30 00:00:00.000,2023-05-29 00:00:00.000,1364.5,2023-05-29 00:00:00.000
742,2022-05-30 00:00:00.000,2023-05-29 00:00:00.000,1204.3248,2023-05-29 00:00:00.000
742,2023-05-30 00:00:00.000,2024-05-28 00:00:00.000,1240.4545,2024-05-28 00:00:00.000
742,2024-05-29 00:00:00.000,,1364.5,2024-05-08 00:00:00.000
743,2022-05-30 00:00:00.000,2023-05-29 00:00:00.000,1191.1739,2023-05-29 00:00:00.000
743,2023-05-30 00:00:00.000,2024-05-28 00:00:00.000,1226.9091,2024-05-28 00:00:00.000
743,2024-05-29 00:00:00.000,,1349.6,2024-05-08 00:00:00.000
744,2022-05-30 00:00:00.000,2023-05-29 00:00:00.000,1349.6,2023-05-29 00:00:00.000
745,2022-05-30 00:00:00.000,2023-05-29 00:00:00.000,1349.6,2023-05-29 00:00:00.000
746,2022-05-30 00:00:00.000,2023-05-29 00:00:00.000,1191.1739,2023-05-29 00:00:00.000
746,2023-05-30 00:00:00.000,2024-05-28 00:00:00.000,1226.9091,2024-05-28 00:00:00.000
746,2024-05-29 00:00:00.000,,1349.6,2024-05-08 00:00:00.000
747,2022-05-30 00:00:00.000,2023-05-29 00:00:00.000,1191.1739,2023-05-29 00:00:00.000
747,2023-05-30 00:00:00.000,2024-05-28 00:00:00.000,1226.9091,2024-05-28 00:00:00.000
747,2024-05-29 00:00:00.000,,1349.6,2024-05-08 00:00:00.000
748,2022-05-30 00:00:00.000,2023-05-29 00:00:00.000,1204.3248,2023-05-29 00:00:00.000
748,2023-05-30 00:00:00.000,2024-05-28 00:00:00.000,1240.4545,2024-05-28 00:00:00.000
748,2024-05-29 00:00:00.000,,1364.5,2024-05-08 00:00:00.000
749,2022-05-30 00:00:00.000,2023-05-29 00:00:00.000,3578.27,2023-05-29 00:00:00.000
750,2022-05-30 00:00:00.000,2023-05-29 00:00:00.000,3578.27,2023-05-29 00:00:00.000
751,2022-05-30 00:00:00.000,2023-05-29 00:00:00.000,3578.27,2023-05-29 00:00:00.000
752,2022-05-30 00:00:00.000,2023-05-29 00:00:00.000,3578.27,2023-05-29 00:00:00.000
753,2022-05-30 00:00:00.000,2023-05-29 00:00:00.000,3578.27,2023-05-29 00:00:00.000
754,2022-05-30 00:00:00.000,2023-05-29 00:00:00.000,1457.99,2023-05-29 00:00:00.000
755,2022-05-30 00:00:00.000,2023-05-29 00:00:00.000,1457.99,2023-05-29 00:00:00.000
756,2022-05-30 00:00:00.000,2023-05-29 00:00:00.000,1457.99,2023-05-29 00:00:00.000
757,2022-05-30 00:00:00.000,2023-05-29 00:00:00.000,1457.99,2023-05-29 00:00:00.000
758,2022-05-30 00:00:00.000,2023-05-29 00:00:00.000,1457.99,2023-05-29 00:00:00.000
759,2022-05-30 00:00:00.000,2023-05-29 00:00:00.000,699.0982,2023-05-29 00:00:00.000
759,2023-05-30 00:00:00.000,2024-05-28 00:00:00.000,782.99,2024-05-28 00:00:00.000
760,2022-05-30 00:00:00.000,2023-05-29 00:00:00.000,699.0982,2023-05-29 00:00:00.000
760,2023-05-30 00:00:00.000,2024-05-28 00:00:00.000,782.99,2024-05-28 00:00:00.000
761,2022-05-30 00:00:00.000,2023-05-29 00:00:00.000,699.0982,2023-05-29 00:00:00.000
761,2023-05-30 00:00:00.000,2024-05-28 00:00:00.000,782.99,2024-05-28 00:00:00.000
762,2022-05-30 00:00:00.000,2023-05-29 00:00:00.000,699.0982,2023-05-29 00:00:00.000
762,2023-05-30 00:00:00.000,2024-05-28 00:00:00.000,782.99,2024-05-28 00:00:00.000
763,2022-05-30 00:00:00.000,2023-05-29 00:00:00.000,699.0982,2023-05-29 00:00:00.000
763,2023-05-30 00:00:00.000,2024-05-28 00:00:00.000,782.99,2024-05-28 00:00:00.000
764,2022-05-30 00:00:00.000,2023-05-29 00:00:00.000,699.0982,2023-05-29 00:00:00.000
764,2023-05-30 00:00:00.000,2024-05-28 00:00:00.000,782.99,2024-05-28 00:00:00.000
765,2022-05-30 00:00:00.000,2023-05-29 00:00:00.000,699.0982,2023-05-29 00:00:00.000
765,2023-05-30 00:00:00.000,2024-05-28 00:00:00.000,782.99,2024-05-28 00:00:00.000
766,2022-05-30 00:00:00.000,2023-05-29 00:00:00.000,699.0982,2023-05-29 00:00:00.000
766,2023-05-30 00:00:00.000,2024-05-28 00:00:00.000,782.99,2024-05-28 00:00:00.000
767,2022-05-30 00:00:00.000,2023-05-29 00:00:00.000,699.0982,2023-05-29 00:00:00.000
767,2023-05-30 00:00:00.000,2024-05-28 00:00:00.000,782.99,2024-05-28 00:00:00.000
768,2022-05-30 00:00:00.000,2023-05-29 00:00:00.000,699.0982,2023-05-29 00:00:00.000
768,2023-05-30 00:00:00.000,2024-05-28 00:00:00.000,782.99,2024-05-28 00:00:00.000
769,2022-05-30 00:00:00.000,2023-05-29 00:00:00.000,699.0982,2023-05-29 00:00:00.000
769,2023-05-30 00:00:00.000,2024-05-28 00:00:00.000,782.99,2024-05-28 00:00:00.000
770,2022-05-30 00:00:00.000,2023-05-29 00:00:00.000,699.0982,2023-05-29 00:00:00.000
770,2023-05-30 00:00:00.000,2024-05-28 00:00:00.000,782.99,2024-05-28 00:00:00.000
771,2022-05-30 00:00:00.000,2023-05-29 00:00:00.000,3399.99,2023-05-29 00:00:00.000
772,2022-05-30 00:00:00.000,2023-05-29 00:00:00.000,3399.99,2023-05-29 00:00:00.000
773,2022-05-30 00:00:00.000,2023-05-29 00:00:00.000,3399.99,2023-05-29 00:00:00.000
774,2022-05-30 00:00:00.000,2023-05-29 00:00:00.000,3399.99,2023-05-29 00:00:00.000
775,2022-05-30 00:00:00.000,2023-05-29 00:00:00.000,3374.99,2023-05-29 00:00:00.000
776,2022-05-30 00:00:00.000,2023-05-29 00:00:00.000,3374.99,2023-05-29 00:00:00.000
777,2022-05-30 00:00:00.000,2023-05-29 00:00:00.000,3374.99,2023-05-29 00:00:00.000
778,2022-05-30 00:00:00.000,2023-05-29 00:00:00.000,3374.99,2023-05-29 00:00:00.000
779,2023-05-30 00:00:00.000,2024-05-28 00:00:00.000,2071.4196,2024-05-28 00:00:00.000
779,2024-05-29 00:00:00.000,,2319.99,2024-05-08 00:00:00.000
780,2023-05-30 00:00:00.000,2024-05-28 00:00:00.000,2071.4196,2024-05-28 00:00:00.000
780,2024-05-29 00:00:00.000,,2319.99,2024-05-08 00:00:00.000
781,2023-05-30 00:00:00.000,2024-05-28 00:00:00.000,2071.4196,2024-05-28 00:00:00.000
781,2024-05-29 00:00:00.000,,2319.99,2024-05-08 00:00:00.000
782,2023-05-30 00:00:00.000,2024-05-28 00:00:00.000,2049.0982,2024-05-28 00:00:00.000
782,2024-05-29 00:00:00.000,,2294.99,2024-05-08 00:00:00.000
783,2023-05-30 00:00:00.000,2024-05-28 00:00:00.000,2049.0982,2024-05-28 00:00:00.000
783,2024-05-29 00:00:00.000,,2294.99,2024-05-08 00:00:00.000
784,2023-05-30 00:00:00.000,2024-05-28 00:00:00.000,2049.0982,2024-05-28 00:00:00.000
784,2024-05-29 00:00:00.000,,2294.99,2024-05-08 00:00:00.000
785,2023-05-30 00:00:00.000,2024-05-28 00:00:00.000,1079.99,2024-05-28 00:00:00.000
786,2023-05-30 00:00:00.000,2024-05-28 00:00:00.000,1079.99,2024-05-28 00:00:00.000
787,2023-05-30 00:00:00.000,2024-05-28 00:00:00.000,1079.99,2024-05-28 00:00:00.000
788,2023-05-30 00:00:00.000,2024-05-28 00:00:00.000,1079.99,2024-05-28 00:00:00.000
789,2023-05-30 00:00:00.000,2024-05-28 00:00:00.000,2443.35,2024-05-28 00:00:00.000
790,2023-05-30 00:00:00.000,2024-05-28 00:00:00.000,2443.35,2024-05-28 00:00:00.000
791,2023-05-30 00:00:00.000,2024-05-28 00:00:00.000,2443.35,2024-05-28 00:00:00.000
792,2023-05-30 00:00:00.000,2024-05-28 00:00:00.000,2181.5625,2024-05-28 00:00:00.000
792,2024-05-29 00:00:00.000,,2443.35,2024-05-08 00:00:00.000
793,2023-05-30 00:00:00.000,2024-05-28 00:00:00.000,2181.5625,2024-05-28 00:00:00.000
793,2024-05-29 00:00:00.000,,2443.35,2024-05-08 00:00:00.000
794,2023-05-30 00:00:00.000,2024-05-28 00:00:00.000,2181.5625,2024-05-28 00:00:00.000
794,2024-05-29 00:00:00.000,,2443.35,2024-05-08 00:00:00.000
795,2023-05-30 00:00:00.000,2024-05-28 00:00:00.000,2181.5625,2024-05-28 00:00:00.000
795,2024-05-29 00:00:00.000,,2443.35,2024-05-08 00:00:00.000
796,2023-05-30 00:00:00.000,2024-05-28 00:00:00.000,2181.5625,2024-05-28 00:00:00.000
796,2024-05-29 00:00:00.000,,2443.35,2024-05-08 00:00:00.000
797,2023-05-30 00:00:00.000,2024-05-28 00:00:00.000,1000.4375,2024-05-28 00:00:00.000
797,2024-05-29 00:00:00.000,,1120.49,2024-05-08 00:00:00.000
798,2023-05-30 00:00:00.000,2024-05-28 00:00:00.000,1000.4375,2024-05-28 00:00:00.000
798,2024-05-29 00:00:00.000,,1120.49,2024-05-08 00:00:00.000
799,2023-05-30 00:00:00.000,2024-05-28 00:00:00.000,1000.4375,2024-05-28 00:00:00.000
799,2024-05-29 00:00:00.000,,1120.49,2024-05-08 00:00:00.000
800,2023-05-30 00:00:00.000,2024-05-28 00:00:00.000,1000.4375,2024-05-28 00:00:00.000
800,2024-05-29 00:00:00.000,,1120.49,2024-05-08 00:00:00.000
801,2023-05-30 00:00:00.000,2024-05-28 00:00:00.000,1000.4375,2024-05-28 00:00:00.000
801,2024-05-29 00:00:00.000,,1120.49,2024-05-08 00:00:00.000
802,2023-05-30 00:00:00.000,2024-05-28 00:00:00.000,148.22,2024-05-28 00:00:00.000
803,2023-05-30 00:00:00.000,2024-05-28 00:00:00.000,175.49,2024-05-28 00:00:00.000
804,2023-05-30 00:00:00.000,2024-05-28 00:00:00.000,229.49,2024-05-28 00:00:00.000
805,2023-05-30 00:00:00.000,2024-05-28 00:00:00.000,34.2,2024-05-28 00:00:00.000
806,2023-05-30 00:00:00.000,2024-05-28 00:00:00.000,102.29,2024-05-28 00:00:00.000
807,2023-05-30 00:00:00.000,2024-05-28 00:00:00.000,124.73,2024-05-28 00:00:00.000
808,2023-05-30 00:00:00.000,2024-05-28 00:00:00.000,40.4909,2024-05-28 00:00:00.000
808,2024-05-29 00:00:00.000,,44.54,2024-05-08 00:00:00.000
809,2023-05-30 00:00:00.000,2024-05-28 00:00:00.000,56.2909,2024-05-28 00:00:00.000
809,2024-05-29 00:00:00.000,,61.92,2024-05-08 00:00:00.000
810,2023-05-30 00:00:00.000,2024-05-28 00:00:00.000,109.3364,2024-05-28 00:00:00.000
810,2024-05-29 00:00:00.000,,120.27,2024-05-08 00:00:00.000
811,2023-05-30 00:00:00.000,2024-05-28 00:00:00.000,40.4909,2024-05-28 00:00:00.000
811,2024-05-29 00:00:00.000,,44.54,2024-05-08 00:00:00.000
812,2023-05-30 00:00:00.000,2024-05-28 00:00:00.000,56.2909,2024-05-28 00:00:00.000
812,2024-05-29 00:00:00.000,,61.92,2024-05-08 00:00:00.000
813,2023-05-30 00:00:00.000,2024-05-28 00:00:00.000,109.3364,2024-05-28 00:00:00.000
813,2024-05-29 00:00:00.000,,120.27,2024-05-08 00:00:00.000
814,2023-05-30 00:00:00.000,2024-05-28 00:00:00.000,348.76,2024-05-28 00:00:00.000
815,2023-05-30 00:00:00.000,2024-05-28 00:00:00.000,60.745,2024-05-28 00:00:00.000
816,2023-05-30 00:00:00.000,2024-05-28 00:00:00.000,209.025,2024-05-28 00:00:00.000
817,2023-05-30 00:00:00.000,2024-05-28 00:00:00.000,300.215,2024-05-28 00:00:00.000
818,2023-05-30 00:00:00.000,2024-05-28 00:00:00.000,85.565,2024-05-28 00:00:00.000
819,2023-05-30 00:00:00.000,2024-05-28 00:00:00.000,248.385,2024-05-28 00:00:00.000
820,2023-05-30 00:00:00.000,2024-05-28 00:00:00.000,330.06,2024-05-28 00:00:00.000
821,2023-05-30 00:00:00.000,2024-05-28 00:00:00.000,218.01,2024-05-28 00:00:00.000
822,2023-05-30 00:00:00.000,2024-05-28 00:00:00.000,540.7545,2024-05-28 00:00:00.000
822,2024-05-29 00:00:00.000,,594.83,2024-05-08 00:00:00.000
823,2023-05-30 00:00:00.000,2024-05-28 00:00:00.000,87.745,2024-05-28 00:00:00.000
824,2023-05-30 00:00:00.000,2024-05-28 00:00:00.000,236.025,2024-05-28 00:00:00.000
825,2023-05-30 00:00:00.000,2024-05-28 00:00:00.000,327.215,2024-05-28 00:00:00.000
826,2023-05-30 00:00:00.000,2024-05-28 00:00:00.000,112.565,2024-05-28 00:00:00.000
827,2023-05-30 00:00:00.000,2024-05-28 00:00:00.000,275.385,2024-05-28 00:00:00.000
828,2023-05-30 00:00:00.000,2024-05-28 00:00:00.000,357.06,2024-05-28 00:00:00.000
829,2023-05-30 00:00:00.000,2024-05-28 00:00:00.000,245.01,2024-05-28 00:00:00.000
830,2023-05-30 00:00:00.000,2024-05-28 00:00:00.000,348.76,2024-05-28 00:00:00.000
831,2023-05-30 00:00:00.000,2024-05-28 00:00:00.000,348.76,2024-05-28 00:00:00.000
832,2023-05-30 00:00:00.000,2024-05-28 00:00:00.000,348.76,2024-05-28 00:00:00.000
833,2023-05-30 00:00:00.000,2024-05-28 00:00:00.000,540.7545,2024-05-28 00:00:00.000
833,2024-05-29 00:00:00.000,,594.83,2024-05-08 00:00:00.000
834,2023-05-30 00:00:00.000,2024-05-28 00:00:00.000,540.7545,2024-05-28 00:00:00.000
834,2024-05-29 00:00:00.000,,594.83,2024-05-08 00:00:00.000
835,2023-05-30 00:00:00.000,2024-05-28 00:00:00.000,540.7545,2024-05-28 00:00:00.000
835,2024-05-29 00:00:00.000,,594.83,2024-05-08 00:00:00.000
836,2023-05-30 00:00:00.000,2024-05-28 00:00:00.000,540.7545,2024-05-28 00:00:00.000
836,2024-05-29 00:00:00.000,,594.83,2024-05-08 00:00:00.000
837,2023-05-30 00:00:00.000,2024-05-28 00:00:00.000,1301.3636,2024-05-28 00:00:00.000
837,2024-05-29 00:00:00.000,,1431.5,2024-05-08 00:00:00.000
838,2023-05-30 00:00:00.000,2024-05-28 00:00:00.000,1301.3636,2024-05-28 00:00:00.000
838,2024-05-29 00:00:00.000,,1431.5,2024-05-08 00:00:00.000
839,2023-05-30 00:00:00.000,2024-05-28 00:00:00.000,1301.3636,2024-05-28 00:00:00.000
839,2024-05-29 00:00:00.000,,1431.5,2024-05-08 00:00:00.000
840,2023-05-30 00:00:00.000,2024-05-28 00:00:00.000,1301.3636,2024-05-28 00:00:00.000
840,2024-05-29 00:00:00.000,,1431.5,2024-05-08 00:00:00.000
841,2023-05-30 00:00:00.000,2024-05-28 00:00:00.000,59.99,2024-05-28 00:00:00.000
842,2023-05-30 00:00:00.000,2024-05-28 00:00:00.000,125,2024-05-28 00:00:00.000
843,2023-05-30 00:00:00.000,2024-05-28 00:00:00.000,25,2024-05-28 00:00:00.000
844,2023-05-30 00:00:00.000,2024-05-28 00:00:00.000,19.99,2024-05-28 00:00:00.000
845,2023-05-30 00:00:00.000,2024-05-28 00:00:00.000,24.99,2024-05-28 00:00:00.000
846,2023-05-30 00:00:00.000,2024-05-28 00:00:00.000,13.99,2024-05-28 00:00:00.000
847,2023-05-30 00:00:00.000,2024-05-28 00:00:00.000,34.99,2024-05-28 00:00:00.000
848,2023-05-30 00:00:00.000,2024-05-28 00:00:00.000,44.99,2024-05-28 00:00:00.000
849,2023-05-30 00:00:00.000,2024-05-28 00:00:00.000,59.99,2024-05-28 00:00:00.000
850,2023-05-30 00:00:00.000,2024-05-28 00:00:00.000,59.99,2024-05-28 00:00:00.000
851,2023-05-30 00:00:00.000,2024-05-28 00:00:00.000,59.99,2024-05-28 00:00:00.000
852,2023-05-30 00:00:00.000,2024-05-28 00:00:00.000,74.99,2024-05-28 00:00:00.000
853,2023-05-30 00:00:00.000,2024-05-28 00:00:00.000,74.99,2024-05-28 00:00:00.000
854,2023-05-30 00:00:00.000,2024-05-28 00:00:00.000,74.99,2024-05-28 00:00:00.000
855,2023-05-30 00:00:00.000,2024-05-28 00:00:00.000,89.99,2024-05-28 00:00:00.000
856,2023-05-30 00:00:00.000,2024-05-28 00:00:00.000,89.99,2024-05-28 00:00:00.000
857,2023-05-30 00:00:00.000,2024-05-28 00:00:00.000,89.99,2024-05-28 00:00:00.000
858,2023-05-30 00:00:00.000,2024-05-28 00:00:00.000,23.5481,2024-05-28 00:00:00.000
858,2024-05-29 00:00:00.000,,24.49,2024-05-08 00:00:00.000
859,2023-05-30 00:00:00.000,2024-05-28 00:00:00.000,23.5481,2024-05-28 00:00:00.000
859,2024-05-29 00:00:00.000,,24.49,2024-05-08 00:00:00.000
860,2023-05-30 00:00:00.000,2024-05-28 00:00:00.000,23.5481,2024-05-28 00:00:00.000
860,2024-05-29 00:00:00.000,,24.49,2024-05-08 00:00:00.000
861,2023-05-30 00:00:00.000,2024-05-28 00:00:00.000,37.99,2024-05-28 00:00:00.000
862,2023-05-30 00:00:00.000,2024-05-28 00:00:00.000,37.99,2024-05-28 00:00:00.000
863,2023-05-30 00:00:00.000,2024-05-28 00:00:00.000,37.99,2024-05-28 00:00:00.000
864,2024-05-29 00:00:00.000,,63.5,2024-05-08 00:00:00.000
865,2024-05-29 00:00:00.000,,63.5,2024-05-08 00:00:00.000
866,2024-05-29 00:00:00.000,,63.5,2024-05-08 00:00:00.000
867,2024-05-29 00:00:00.000,,69.99,2024-05-08 00:00:00.000
868,2024-05-29 00:00:00.000,,69.99,2024-05-08 00:00:00.000
869,2024-05-29 00:00:00.000,,69.99,2024-05-08 00:00:00.000
870,2024-05-29 00:00:00.000,,4.99,2024-05-08 00:00:00.000
871,2024-05-29 00:00:00.000,,9.99,2024-05-08 00:00:00.000
872,2024-05-29 00:00:00.000,,8.99,2024-05-08 00:00:00.000
873,2024-05-29 00:00:00.000,,2.29,2024-05-08 00:00:00.000
874,2024-05-29 00:00:00.000,,8.99,2024-05-08 00:00:00.000
875,2024-05-29 00:00:00.000,,8.99,2024-05-08 00:00:00.000
876,2024-05-29 00:00:00.000,,120,2024-05-08 00:00:00.000
877,2024-05-29 00:00:00.000,,7.95,2024-05-08 00:00:00.000
878,2024-05-29 00:00:00.000,,21.98,2024-05-08 00:00:00.000
879,2024-05-29 00:00:00.000,,159,2024-05-08 00:00:00.000
880,2024-05-29 00:00:00.000,,54.99,2024-05-08 00:00:00.000
881,2024-05-29 00:00:00.000,,53.99,2024-05-08 00:00:00.000
882,2024-05-29 00:00:00.000,,53.99,2024-05-08 00:00:00.000
883,2024-05-29 00:00:00.000,,53.99,2024-05-08 00:00:00.000
884,2024-05-29 00:00:00.000,,53.99,2024-05-08 00:00:00.000
885,2024-05-29 00:00:00.000,,1003.91,2024-05-08 00:00:00.000
886,2024-05-29 00:00:00.000,,333.42,2024-05-08 00:00:00.000
887,2024-05-29 00:00:00.000,,1003.91,2024-05-08 00:00:00.000
888,2024-05-29 00:00:00.000,,1003.91,2024-05-08 00:00:00.000
889,2024-05-29 00:00:00.000,,1003.91,2024-05-08 00:00:00.000
890,2024-05-29 00:00:00.000,,1003.91,2024-05-08 00:00:00.000
891,2024-05-29 00:00:00.000,,1003.91,2024-05-08 00:00:00.000
892,2024-05-29 00:00:00.000,,1003.91,2024-05-08 00:00:00.000
893,2024-05-29 00:00:00.000,,1003.91,2024-05-08 00:00:00.000
894,2024-05-29 00:00:00.000,,121.46,2024-05-08 00:00:00.000
895,2024-05-29 00:00:00.000,,333.42,2024-05-08 00:00:00.000
896,2024-05-29 00:00:00.000,,333.42,2024-05-08 00:00:00.000
897,2024-05-29 00:00:00.000,,333.42,2024-05-08 00:00:00.000
898,2024-05-29 00:00:00.000,,333.42,2024-05-08 00:00:00.000
899,2024-05-29 00:00:00.000,,333.42,2024-05-08 00:00:00.000
900,2024-05-29 00:00:00.000,,333.42,2024-05-08 00:00:00.000
901,2024-05-29 00:00:00.000,,333.42,2024-05-08 00:00:00.000
902,2024-05-29 00:00:00.000,,333.42,2024-05-08 00:00:00.000
903,2024-05-29 00:00:00.000,,333.42,2024-05-08 00:00:00.000
904,2024-05-29 00:00:00.000,,364.09,2024-05-08 00:00:00.000
905,2024-05-29 00:00:00.000,,364.09,2024-05-08 00:00:00.000
906,2024-05-29 00:00:00.000,,364.09,2024-05-08 00:00:00.000
907,2024-05-29 00:00:00.000,,106.5,2024-05-08 00:00:00.000
908,2024-05-29 00:00:00.000,,27.12,2024-05-08 00:00:00.000
909,2024-05-29 00:00:00.000,,39.14,2024-05-08 00:00:00.000
910,2024-05-29 00:00:00.000,,52.64,2024-05-08 00:00:00.000
911,2024-05-29 00:00:00.000,,27.12,2024-05-08 00:00:00.000
912,2024-05-29 00:00:00.000,,39.14,2024-05-08 00:00:00.000
913,2024-05-29 00:00:00.000,,52.64,2024-05-08 00:00:00.000
914,2024-05-29 00:00:00.000,,27.12,2024-05-08 00:00:00.000
915,2024-05-29 00:00:00.000,,39.14,2024-05-08 00:00:00.000
916,2024-05-29 00:00:00.000,,52.64,2024-05-08 00:00:00.000
917,2024-05-29 00:00:00.000,,264.05,2024-05-08 00:00:00.000
918,2024-05-29 00:00:00.000,,264.05,2024-05-08 00:00:00.000
919,2024-05-29 00:00:00.000,,264.05,2024-05-08 00:00:00.000
920,2024-05-29 00:00:00.000,,264.05,2024-05-08 00:00:00.000
921,2024-05-29 00:00:00.000,,4.99,2024-05-08 00:00:00.000
922,2024-05-29 00:00:00.000,,3.99,2024-05-08 00:00:00.000
923,2024-05-29 00:00:00.000,,4.99,2024-05-08 00:00:00.000
924,2024-05-29 00:00:00.000,,249.79,2024-05-08 00:00:00.000
925,2024-05-29 00:00:00.000,,249.79,2024-05-08 00:00:00.000
926,2024-05-29 00:00:00.000,,249.79,2024-05-08 00:00:00.000
927,2024-05-29 00:00:00.000,,249.79,2024-05-08 00:00:00.000
928,2024-05-29 00:00:00.000,,24.99,2024-05-08 00:00:00.000
929,2024-05-29 00:00:00.000,,29.99,2024-05-08 00:00:00.000
930,2024-05-29 00:00:00.000,,35,2024-05-08 00:00:00.000
931,2024-05-29 00:00:00.000,,21.49,2024-05-08 00:00:00.000
932,2024-05-29 00:00:00.000,,24.99,2024-05-08 00:00:00.000
933,2024-05-29 00:00:00.000,,32.6,2024-05-08 00:00:00.000
934,2024-05-29 00:00:00.000,,28.99,2024-05-08 00:00:00.000
935,2024-05-29 00:00:00.000,,40.49,2024-05-08 00:00:00.000
936,2024-05-29 00:00:00.000,,62.09,2024-05-08 00:00:00.000
937,2024-05-29 00:00:00.000,,80.99,2024-05-08 00:00:00.000
938,2024-05-29 00:00:00.000,,40.49,2024-05-08 00:00:00.000
939,2024-05-29 00:00:00.000,,62.09,2024-05-08 00:00:00.000
940,2024-05-29 00:00:00.000,,80.99,2024-05-08 00:00:00.000
941,2024-05-29 00:00:00.000,,80.99,2024-05-08 00:00:00.000
942,2024-05-29 00:00:00.000,,364.09,2024-05-08 00:00:00.000
943,2024-05-29 00:00:00.000,,249.79,2024-05-08 00:00:00.000
944,2024-05-29 00:00:00.000,,264.05,2024-05-08 00:00:00.000
945,2024-05-29 00:00:00.000,,91.49,2024-05-08 00:00:00.000
946,2024-05-29 00:00:00.000,,46.09,2024-05-08 00:00:00.000
947,2024-05-29 00:00:00.000,,91.57,2024-05-08 00:00:00.000
948,2024-05-29 00:00:00.000,,106.5,2024-05-08 00:00:00.000
949,2024-05-29 00:00:00.000,,175.49,2024-05-08 00:00:00.000
950,2024-05-29 00:00:00.000,,256.49,2024-05-08 00:00:00.000
951,2024-05-29 00:00:00.000,,404.99,2024-05-08 00:00:00.000
952,2024-05-29 00:00:00.000,,20.24,2024-05-08 00:00:00.000
953,2024-05-29 00:00:00.000,,1214.85,2024-05-08 00:00:00.000
954,2024-05-29 00:00:00.000,,2384.07,2024-05-08 00:00:00.000
955,2024-05-29 00:00:00.000,,2384.07,2024-05-08 00:00:00.000
956,2024-05-29 00:00:00.000,,2384.07,2024-05-08 00:00:00.000
957,2024-05-29 00:00:00.000,,2384.07,2024-05-08 00:00:00.000
958,2024-05-29 00:00:00.000,,742.35,2024-05-08 00:00:00.000
959,2024-05-29 00:00:00.000,,742.35,2024-05-08 00:00:00.000
960,2024-05-29 00:00:00.000,,742.35,2024-05-08 00:00:00.000
961,2024-05-29 00:00:00.000,,742.35,2024-05-08 00:00:00.000
962,2024-05-29 00:00:00.000,,742.35,2024-05-08 00:00:00.000
963,2024-05-29 00:00:00.000,,742.35,2024-05-08 00:00:00.000
964,2024-05-29 00:00:00.000,,742.35,2024-05-08 00:00:00.000
965,2024-05-29 00:00:00.000,,742.35,2024-05-08 00:00:00.000
966,2024-05-29 00:00:00.000,,2384.07,2024-05-08 00:00:00.000
967,2024-05-29 00:00:00.000,,2384.07,2024-05-08 00:00:00.000
968,2024-05-29 00:00:00.000,,2384.07,2024-05-08 00:00:00.000
969,2024-05-29 00:00:00.000,,2384.07,2024-05-08 00:00:00.000
970,2024-05-29 00:00:00.000,,1214.85,2024-05-08 00:00:00.000
971,2024-05-29 00:00:00.000,,1214.85,2024-05-08 00:00:00.000
972,2024-05-29 00:00:00.000,,1214.85,2024-05-08 00:00:00.000
973,2024-05-29 00:00:00.000,,1700.99,2024-05-08 00:00:00.000
974,2024-05-29 00:00:00.000,,1700.99,2024-05-08 00:00:00.000
975,2024-05-29 00:00:00.000,,1700.99,2024-05-08 00:00:00.000
976,2024-05-29 00:00:00.000,,1700.99,2024-05-08 00:00:00.000
977,2024-05-29 00:00:00.000,,539.99,2024-05-08 00:00:00.000
978,2024-05-29 00:00:00.000,,742.35,2024-05-08 00:00:00.000
979,2024-05-29 00:00:00.000,,742.35,2024-05-08 00:00:00.000
980,2024-05-29 00:00:00.000,,769.49,2024-05-08 00:00:00.000
981,2024-05-29 00:00:00.000,,769.49,2024-05-08 00:00:00.000
982,2024-05-29 00:00:00.000,,769.49,2024-05-08 00:00:00.000
983,2024-05-29 00:00:00.000,,769.49,2024-05-08 00:00:00.000
984,2024-05-29 00:00:00.000,,564.99,2024-05-08 00:00:00.000
985,2024-05-29 00:00:00.000,,564.99,2024-05-08 00:00:00.000
986,2024-05-29 00:00:00.000,,564.99,2024-05-08 00:00:00.000
987,2024-05-29 00:00:00.000,,564.99,2024-05-08 00:00:00.000
988,2024-05-29 00:00:00.000,,564.99,2024-05-08 00:00:00.000
989,2024-05-29 00:00:00.000,,539.99,2024-05-08 00:00:00.000
990,2024-05-29 00:00:00.000,,539.99,2024-05-08 00:00:00.000
991,2024-05-29 00:00:00.000,,539.99,2024-05-08 00:00:00.000
992,2024-05-29 00:00:00.000,,539.99,2024-05-08 00:00:00.000
993,2024-05-29 00:00:00.000,,539.99,2024-05-08 00:00:00.000
994,2024-05-29 00:00:00.000,,53.99,2024-05-08 00:00:00.000
995,2024-05-29 00:00:00.000,,101.24,2024-05-08 00:00:00.000
996,2024-05-29 00:00:00.000,,121.49,2024-05-08 00:00:00.000
997,2024-05-29 00:00:00.000,,539.99,2024-05-08 00:00:00.000
998,2024-05-29 00:00:00.000,,539.99,2024-05-08 00:00:00.000
999,2024-05-29 00:00:00.000,,539.99,2024-05-08 00:00:00.000
